Amino acid,Amino acid code,Molecular Mass (Da),Hydropathy index
Alanine,A,89.0,1.8
Arginine,R,174.0,-4.5
Asparagine,N,132.0,-3.5
Aspartic acid,D,133.0,-3.5
Cysteine,C,121.0,2.5
Glutamine,Q,146.0,-3.5
Glutamic Acid,E,147.0,-3.5
Glycine,G,75.0,-0.4
Histidine,H,155.0,-3.2
Isoleucine,I,131.0,4.5
Leucine,L,131.0,3.8
Lysine,K,146.0,-3.9
Methionine,M,149.0,1.9
Phenylalanine,F,165.0,2.8
Proline,P,115.0,-1.6
Serine,S,105.0,-0.8
Threonine,T,119.0,-0.7
Tryptophan,W,204.0,-0.9
Tyrosine,Y,181.0,-1.3
Valine,V,117.0,4.2
