RBD Residue Number,RBD Amino Acid,ACE2 Interaction Positions,ACE2 Interaction Amounts,ACE2 Interaction Lettercodes,Total ACE2 Interaction Ring Number,Total ACE2 Interaction Double Bond Number,Total ACE2 Interaction Carbon Number,Total ACE2 Interaction Oxygen Number,Total ACE2 Interaction Hydrogen Number,Total ACE2 Interaction Molecular Mass,Total ACE2 Interaction Hydropathy,Total ACE2 Interaction Volume,Total ACE2 Interaction Polarity
475,A,"[19, 24, 27, 0, 0]","[1, 7, 3, 0, 0]","['S', 'Q', 'T', 0, 0]",0,18,50,30,104,1484.0,-27.4,1443.9,22
476,G,"[24, 0, 0, 0, 0]","[5, 0, 0, 0, 0]","['Q', 0, 0, 0, 0]",0,10,25,15,50,730.0,-17.5,719.0,10
486,F,"[24, 79, 82, 83, 0]","[2, 7, 15, 20, 0]","['Q', 'L', 'M', 'Y', 0]",20,46,187,90,496,7064.0,22.099999999999994,7770.0,66
487,N,"[24, 83, 0, 0, 0]","[17, 12, 0, 0, 0]","['Q', 'Y', 0, 0, 0]",12,46,121,75,302,4654.0,-75.1,4767.8,58
489,Y,"[24, 27, 28, 31, 83]","[1, 14, 14, 11, 3]","['Q', 'T', 'F', 'K', 'Y']",17,44,178,87,477,6271.0,-20.9,6863.2,50
456,F,"[27, 30, 31, 0, 0]","[12, 8, 7, 0, 0]","['T', 'D', 'K', 0, 0]",0,35,122,70,262,3514.0,-63.7,3462.2,48
473,Y,"[27, 0, 0, 0, 0]","[2, 0, 0, 0, 0]","['T', 0, 0, 0, 0]",0,2,8,4,18,238.0,-1.4,232.2,4
417,K,"[30, 34, 0, 0, 0]","[7, 1, 0, 0, 0]","['D', 'H', 0, 0, 0]",1,15,31,30,56,1086.0,-27.7,930.8999999999999,21
455,L,"[30, 31, 34, 0, 0]","[7, 4, 15, 0, 0]","['D', 'K', 'H', 0, 0]",15,33,97,66,210,3840.0,-88.1,3750.1,21
484,E,"[31, 0, 0, 0, 0]","[2, 0, 0, 0, 0]","['K', 0, 0, 0, 0]",0,2,12,4,28,292.0,-7.8,337.2,0
493,Q,"[31, 34, 35, 0, 0]","[11, 19, 20, 0, 0]","['K', 'H', 'E', 0, 0]",19,70,223,140,467,7491.0,-173.7,7533.4,60
453,Y,"[34, 0, 0, 0, 0]","[11, 0, 0, 0, 0]","['H', 0, 0, 0, 0]",11,11,33,22,77,1705.0,-35.2,1685.1999999999998,0
505,Y,"[37, 353, 354, 393, 0]","[11, 41, 6, 3, 0]","['E', 'K', 'G', 'R', 0]",0,75,331,144,745,8575.0,-214.3,9315.800000000001,45
449,Y,"[38, 42, 0, 0, 0]","[12, 5, 0, 0, 0]","['D', 'Q', 0, 0, 0]",0,34,73,63,134,2326.0,-59.5,2052.2,46
496,G,"[38, 353, 0, 0, 0]","[5, 7, 0, 0, 0]","['D', 'K', 0, 0, 0]",0,17,62,34,133,1687.0,-44.8,1735.7,15
498,Q,"[38, 41, 42, 45, 353]","[3, 17, 8, 2, 3]","['D', 'Y', 'Q', 'L', 'K']",17,44,133,80,356,5344.0,-64.7,5614.099999999999,61
500,T,"[41, 45, 330, 355, 357]","[12, 2, 10, 14, 7]","['Y', 'L', 'N', 'D', 'R']",12,76,186,128,434,6834.0,-123.5,6566.8,88
501,N,"[41, 353, 354, 355, 0]","[15, 24, 2, 4, 0]","['Y', 'K', 'G', 'D', 0]",15,49,209,98,539,6901.0,-127.89999999999999,7514.999999999999,46
446,G,"[42, 0, 0, 0, 0]","[8, 0, 0, 0, 0]","['Q', 0, 0, 0, 0]",0,16,40,24,80,1168.0,-28.0,1150.4,16
447,G,"[42, 0, 0, 0, 0]","[2, 0, 0, 0, 0]","['Q', 0, 0, 0, 0]",0,4,10,6,20,292.0,-7.0,287.6,4
502,G,"[353, 354, 355, 0, 0]","[6, 9, 4, 0, 0]","['K', 'G', 'D', 0, 0]",0,23,70,46,157,2083.0,-41.0,1996.9,30
